Latitude,Longitude,Altitude,Direction,Slope
-26.819173,27.827552,1487.0,0.0,0.0
-26.81827,27.829712,1488.0,64.9,0.00422
-26.816107,27.829975,1487.0,6.19,-0.00413
-26.814297,27.829643,1484.0,350.7,-0.01471
-26.812159,27.828632,1484.0,337.12,0.0
-26.810483,27.82779,1484.0,335.85,0.0
-26.807874,27.82866,1489.0,16.57,0.01652
-26.80615,27.829424,1490.0,21.58,0.00485
-26.804327,27.829714,1489.0,8.08,-0.00488
-26.802745,27.830867,1489.0,33.04,0.0
-26.800837,27.831464,1485.0,15.6,-0.01816
-26.799,27.831406,1483.0,358.39,-0.00979
-26.797135,27.830428,1481.0,334.92,-0.00873
-26.79494,27.829196,1477.0,333.39,-0.01465
-26.793333,27.82824,1475.0,332.03,-0.00989
-26.789822,27.82612,1472.0,331.67,-0.00676
-26.787874,27.824949,1469.0,331.78,-0.0122
-26.786049,27.824186,1471.0,339.53,0.00923
-26.784183,27.823993,1469.0,354.72,-0.0096
-26.781984,27.824131,1467.0,3.21,-0.00817
-26.77882,27.824349,1467.0,3.52,0.0
-26.776917,27.82448,1466.0,3.52,-0.00472
-26.773878,27.824695,1462.0,3.61,-0.01181
-26.770504,27.824933,1459.0,3.6,-0.00798
-26.768392,27.825089,1457.0,3.77,-0.0085
-26.766423,27.82511,1452.0,0.55,-0.02284
-26.762746,27.824856,1450.0,356.47,-0.00488
-26.760688,27.824745,1449.0,357.24,-0.00436
-26.758671,27.824814,1446.0,1.75,-0.01337
-26.755494,27.825262,1438.0,7.18,-0.02247
-26.751239,27.826,1419.0,8.8,-0.03968
-26.749438,27.826266,1429.0,7.51,0.04951
-26.747357,27.826405,1436.0,3.41,0.0302
-26.745228,27.825704,1438.0,343.61,0.00811
-26.743029,27.824687,1449.0,337.56,0.04158
-26.740937,27.8237,1458.0,337.15,0.03565
-26.738913,27.822918,1468.0,340.96,0.042
-26.736336,27.822365,1473.0,349.15,0.01714
-26.734041,27.821886,1472.0,349.44,-0.00385
-26.73163,27.821377,1474.0,349.32,0.00733
-26.729798,27.821004,1477.0,349.69,0.01449
-26.727706,27.820576,1479.0,349.64,0.00846
-26.724318,27.81988,1483.0,349.6,0.01044
-26.722234,27.81945,1485.0,349.56,0.00849
-26.720021,27.818726,1484.0,343.71,-0.0039
-26.71808,27.818346,1484.0,350.08,0.0
-26.715631,27.818037,1482.0,353.57,-0.0073
-26.713668,27.817479,1479.0,345.75,-0.01332
-26.711738,27.8168,1477.0,342.55,-0.00889
-26.709945,27.815819,1473.0,333.95,-0.01803
-26.707334,27.814158,1473.0,330.39,0.0
-26.705505,27.813252,1478.0,336.13,0.02248
-26.70391,27.812212,1484.0,329.78,0.02923
-26.70195,27.811057,1488.0,332.24,0.01624
-26.700126,27.809898,1489.0,330.42,0.00429
-26.697804,27.808439,1493.0,330.69,0.01351
-26.69619,27.807361,1492.0,329.18,-0.00478
-26.694601,27.80628,1493.0,328.71,0.00484
-26.691161,27.803832,1494.0,327.55,0.00221
-26.689592,27.802577,1495.0,324.45,0.00466
-26.687853,27.801339,1493.0,327.54,-0.00873
-26.685608,27.799707,1493.0,327.0,0.0
-26.682453,27.797351,1490.0,326.29,-0.00711
-26.680977,27.796194,1490.0,324.99,0.0
-26.678326,27.794273,1487.0,327.08,-0.00854
-26.676802,27.793156,1485.0,326.78,-0.00987
-26.673684,27.791042,1484.0,328.79,-0.00247
-26.67197,27.790086,1482.0,333.51,-0.00939
-26.668057,27.788283,1478.0,337.62,-0.0085
-26.666262,27.787457,1477.0,337.65,-0.00463
-26.664518,27.786676,1477.0,338.19,0.0
-26.660811,27.784963,1471.0,337.56,-0.01345
-26.658861,27.78408,1468.0,337.97,-0.01283
-26.656705,27.783091,1466.0,337.71,-0.00772
-26.653197,27.781489,1463.0,337.8,-0.00712
-26.650724,27.780371,1467.0,338.0,0.01349
-26.648274,27.779238,1471.0,337.54,0.01357
-26.645185,27.777842,1472.0,338.0,0.0027
-26.643015,27.776835,1473.0,337.47,0.00383
-26.64089,27.775878,1472.0,338.07,-0.00393
-26.638682,27.774864,1470.0,337.68,-0.00754
-26.636749,27.773979,1468.0,337.74,-0.00861
-26.635107,27.773148,1467.0,335.66,-0.00499
-26.633544,27.771919,1467.0,324.9,0.0
-26.632115,27.770262,1466.0,313.97,-0.00437
-26.630844,27.768792,1465.0,314.05,-0.00492
-26.628875,27.767769,1464.0,335.09,-0.00414
-26.626809,27.767791,1462.0,0.55,-0.00871
-26.625157,27.768631,1461.0,24.44,-0.00496
-26.623909,27.770134,1461.0,47.11,0.0
-26.623132,27.772416,1461.0,69.15,0.0
-26.622369,27.774316,1461.0,65.81,0.0
-26.62098,27.7761,1463.0,48.95,0.0085
-26.619493,27.777238,1462.0,34.38,-0.00499
-26.617589,27.778295,1461.0,26.4,-0.00423
-26.615117,27.779397,1461.0,21.73,0.0
-26.613328,27.780165,1459.0,21.0,-0.00939
-26.611489,27.780956,1458.0,21.03,-0.00456
-26.608947,27.782074,1456.0,21.47,-0.00658
-26.599938,27.785933,1462.0,20.96,0.00559
-26.589782,27.790325,1464.0,21.14,0.00165
-26.586575,27.791884,1464.0,23.5,0.0
-26.583903,27.793398,1463.0,26.87,-0.003
-26.581364,27.795002,1464.0,29.47,0.00308
-26.578095,27.797117,1468.0,30.05,0.00952
-26.57585,27.798381,1472.0,26.73,0.01431
-26.573463,27.799562,1479.0,23.87,0.02412
-26.57093,27.800663,1485.0,21.24,0.01985
-26.568669,27.801505,1490.0,18.42,0.01887
-26.565277,27.80254,1491.0,15.27,0.00256
-26.563441,27.802986,1494.0,12.26,0.01436
-26.561076,27.803448,1485.0,9.91,-0.03371
-26.537956,27.807228,1489.0,8.32,0.00154
-26.52864,27.808744,1503.0,8.28,0.01337
-26.525997,27.809179,1510.0,8.38,0.02356
-26.523764,27.809534,1515.0,8.1,0.01994
-26.520626,27.810052,1520.0,8.4,0.01418
-26.518349,27.810427,1522.0,8.38,0.00781
-26.515581,27.810882,1529.0,8.37,0.0225
-26.496816,27.813915,1527.0,8.23,-0.00095
-26.49441,27.814296,1529.0,8.07,0.0074
-26.492612,27.814591,1530.0,8.35,0.00495
-26.489796,27.815165,1533.0,10.34,0.00943
-26.486776,27.81623,1534.0,17.52,0.00284
-26.484618,27.817359,1532.0,25.09,-0.00755
-26.482652,27.81866,1533.0,30.64,0.00394
-26.480959,27.820022,1537.0,35.76,0.01724
-26.474462,27.825469,1554.0,36.89,0.01882
-26.453902,27.84259,1602.0,36.71,0.01683
-26.451499,27.844815,1603.0,39.66,0.00288
-26.44934,27.846982,1606.0,41.94,0.00929
-26.445288,27.851633,1608.0,45.78,0.0031
-26.443174,27.854231,1611.0,47.74,0.00858
-26.438897,27.859617,1621.0,48.43,0.01395
-26.433576,27.866153,1608.0,47.73,-0.01478
-26.431465,27.868291,1611.0,42.21,0.00947
-26.429886,27.869733,1603.0,39.28,-0.03527
-26.42629,27.872536,1586.0,34.92,-0.03486
-26.423625,27.874587,1579.0,34.57,-0.01945
-26.420365,27.877118,1592.0,34.81,0.02944
-26.417911,27.87897,1596.0,34.05,0.01215
-26.415894,27.88049,1600.0,34.02,0.01478
-26.414182,27.881814,1601.0,34.71,0.00432
-26.41252,27.883136,1603.0,35.47,0.00881
-26.410568,27.884635,1606.0,34.52,0.01139
-26.407353,27.887069,1602.0,34.14,-0.00926
-26.40576,27.888287,1599.0,34.4,-0.01397
-26.403773,27.889808,1602.0,34.44,0.0112
-26.401495,27.891282,1604.0,30.1,0.00683
-26.399798,27.892169,1602.0,25.09,-0.0096
-26.398094,27.8929,1600.0,21.02,-0.00985
-26.396227,27.893528,1601.0,16.77,0.00461
-26.394156,27.894027,1607.0,12.18,0.02547
-26.391808,27.894357,1612.0,7.18,0.019
-26.389229,27.894439,1617.0,1.63,0.01743
-26.385368,27.894397,1625.0,359.44,0.01863
-26.383217,27.894527,1631.0,3.1,0.02505
-26.380652,27.894928,1638.0,7.97,0.02431
-26.37786,27.895638,1650.0,12.83,0.03769
-26.375537,27.896449,1659.0,17.37,0.03325
-26.37356,27.897335,1665.0,21.88,0.02533
-26.371339,27.898533,1669.0,25.79,0.01458
-26.36831,27.900612,1653.0,31.59,-0.04047
-26.366831,27.90185,1647.0,36.87,-0.02919
-26.365382,27.9032,1637.0,39.85,-0.04765
-26.363847,27.90483,1626.0,43.57,-0.04669
-26.362474,27.906503,1626.0,47.51,0.0
-26.360091,27.90964,1632.0,49.71,0.01464
-26.358636,27.911542,1633.0,49.51,0.00401
-26.357176,27.913339,1628.0,47.8,-0.02069
-26.355834,27.914937,1623.0,46.86,-0.02291
-26.354379,27.916583,1615.0,45.39,-0.03473
-26.353084,27.917991,1601.0,44.25,-0.06964
-26.3507,27.920429,1586.0,42.5,-0.04172
-26.348669,27.922388,1576.0,40.84,-0.0335
-26.346589,27.924285,1562.0,39.26,-0.04687
-26.34481,27.925804,1556.0,37.42,-0.02409
-26.342794,27.927458,1555.0,36.32,-0.00359
-26.340551,27.929164,1553.0,34.28,-0.00663
-26.337899,27.931066,1546.0,32.73,-0.01997
-26.336047,27.932295,1541.0,30.74,-0.02087
-26.334464,27.933299,1541.0,29.61,0.0
-26.332826,27.934304,1537.0,28.81,-0.01924
-26.330806,27.935462,1533.0,27.19,-0.01584
-26.32913,27.936366,1529.0,25.8,-0.01932
-26.32654,27.9377,1532.0,24.78,0.00946
-26.324567,27.938629,1534.0,22.88,0.0084
-26.322196,27.939659,1535.0,21.27,0.00353
-26.319675,27.94068,1531.0,19.95,-0.01341
-26.317616,27.94144,1532.0,18.31,0.00415
-26.314252,27.942531,1545.0,16.21,0.03337
-26.311003,27.943509,1551.0,15.1,0.01603
-26.309014,27.944022,1555.0,13.02,0.01762
-26.307009,27.944471,1562.0,11.35,0.03078
-26.305201,27.944842,1565.0,10.42,0.01468
-26.302663,27.945292,1577.0,9.03,0.04199
-26.300329,27.945625,1585.0,7.29,0.03058
-26.298011,27.945845,1596.0,4.86,0.04252
-26.294325,27.946134,1603.0,4.02,0.01704
-26.291918,27.946266,1605.0,2.81,0.00746
-26.288427,27.946433,1607.0,2.46,0.00515
-26.285207,27.946583,1620.0,2.39,0.03628
-26.282949,27.946695,1636.0,2.55,0.06366
-26.281111,27.946781,1643.0,2.4,0.03422
-26.278944,27.946854,1652.0,1.73,0.03733
-26.276093,27.947033,1657.0,3.22,0.01575
-26.273605,27.947322,1654.0,5.95,-0.01079
-26.271851,27.947851,1649.0,15.13,-0.02475
-26.270023,27.9487,1652.0,22.61,0.01362
-26.268427,27.949785,1661.0,31.37,0.0433
-26.266727,27.951349,1676.0,39.52,0.06121
-26.265482,27.952904,1690.0,48.24,0.06735
-26.264367,27.954731,1695.0,55.76,0.02269
-26.263401,27.956501,1698.0,58.68,0.01452
-26.262129,27.958569,1693.0,55.55,-0.02
-26.260657,27.960283,1685.0,46.24,-0.03381
-26.258935,27.96173,1679.0,37.0,-0.02503
-26.257281,27.962729,1696.0,28.44,0.08128
-26.255548,27.963448,1704.0,20.41,0.03891
-26.253749,27.963896,1707.0,12.59,0.01464
-26.2519,27.964104,1708.0,5.76,0.00484
-26.249599,27.964061,1706.0,359.04,-0.00782
-26.247535,27.963738,1702.0,352.01,-0.01726
-26.245747,27.963254,1698.0,346.35,-0.01955
-26.243705,27.962598,1692.0,343.93,-0.02539
-26.238498,27.961003,1682.0,344.64,-0.01665
-26.236025,27.960432,1682.0,348.3,0.0
-26.233428,27.960285,1685.0,357.09,0.01038
-26.231145,27.960578,1695.0,6.57,0.03913
-26.228263,27.961205,1694.0,11.04,-0.00306
-26.226029,27.961415,1692.0,4.82,-0.00802
-26.223831,27.961206,1687.0,355.12,-0.02038
-26.221769,27.960702,1682.0,347.63,-0.0213
-26.217551,27.959441,1665.0,344.99,-0.03501
-26.215277,27.958755,1658.0,344.86,-0.02672
-26.212676,27.957956,1652.0,344.59,-0.02
-26.209736,27.957122,1677.0,345.72,0.07411
-26.207907,27.956564,1683.0,344.69,0.02846
-26.20585,27.955927,1670.0,344.47,-0.05476
-26.203617,27.955069,1661.0,340.98,-0.03427
-26.200952,27.953809,1659.0,337.01,-0.00621
-26.198181,27.952389,1650.0,335.31,-0.02654
-26.195287,27.950901,1653.0,335.23,0.00847
-26.193125,27.949802,1651.0,335.48,-0.00757
-26.190752,27.948572,1655.0,335.06,0.01375
-26.189,27.947707,1655.0,336.1,0.0
-26.185718,27.946028,1667.0,335.34,0.02988
-26.183963,27.945393,1677.0,342.01,0.04874
-26.181806,27.945213,1684.0,355.72,0.0291
-26.179381,27.945347,1700.0,2.84,0.05926
-26.177165,27.945037,1716.0,352.84,0.06443
-26.174538,27.944151,1734.0,343.16,0.05898
-26.171126,27.942933,1740.0,342.24,0.01506
-26.168735,27.942064,1729.0,341.93,-0.03933
-26.166475,27.940361,1718.0,325.93,-0.03626
-26.163512,27.936127,1699.0,307.94,-0.03546
-26.161645,27.93335,1685.0,306.83,-0.04043
-26.159759,27.930547,1672.0,306.86,-0.03718
-26.158013,27.928445,1668.0,312.78,-0.01399
-26.155975,27.927316,1656.0,333.56,-0.04741
-26.153962,27.926948,1652.0,350.68,-0.01763
-26.151928,27.927213,1643.0,6.67,-0.03952
-26.148343,27.928898,1628.0,22.88,-0.03467
-26.145756,27.930188,1609.0,24.11,-0.06029
-26.143185,27.931492,1598.0,24.48,-0.03502
-26.141218,27.932474,1594.0,24.14,-0.01669
-26.138586,27.933866,1593.0,25.4,-0.00309
-26.135797,27.935614,1595.0,29.37,0.00562
-26.133784,27.936874,1595.0,29.33,0.0
-26.131542,27.938349,1592.0,30.57,-0.01036
-26.126122,27.941912,1584.0,30.55,-0.01143
-26.124016,27.943589,1576.0,35.56,-0.02779
-26.121689,27.9461,1564.0,44.09,-0.03331
-26.11924,27.948904,1549.0,45.79,-0.03841
-26.117506,27.950844,1532.0,45.13,-0.0622
-26.115336,27.953238,1536.0,44.73,0.01178
-26.113447,27.955338,1535.0,44.95,-0.00337
-26.111679,27.95692,1541.0,38.78,0.02379
-26.109705,27.958279,1550.0,31.72,0.03488
-26.108019,27.959241,1539.0,27.13,-0.05222
-26.104376,27.961346,1524.0,27.42,-0.03287
-26.102286,27.962548,1511.0,27.31,-0.0497
-26.098658,27.964685,1505.0,27.88,-0.01315
-26.096848,27.965728,1511.0,27.36,0.02648
-26.095161,27.966557,1511.0,23.81,0.0
-26.092945,27.967278,1507.0,16.29,-0.01558
-26.09056,27.967876,1498.0,12.69,-0.03311
-26.0878,27.968584,1500.0,12.97,0.00635
-26.084779,27.969338,1498.0,12.63,-0.00581
-26.081493,27.970153,1490.0,12.56,-0.02137
-26.079508,27.970652,1486.0,12.72,-0.01768
-26.077732,27.971088,1478.0,12.43,-0.03956
-26.075627,27.971678,1467.0,14.13,-0.04557
-26.073749,27.972327,1461.0,17.24,-0.02744
-26.071887,27.97275,1461.0,11.53,0.0
-26.070068,27.972651,1460.0,357.2,-0.00494
-26.068974,27.970842,1461.0,303.95,0.00459
-26.068738,27.968527,1472.0,276.47,0.04727
-26.068488,27.966221,1478.0,276.88,0.02586
-26.067832,27.963548,1493.0,285.28,0.0542
-26.06686,27.96176,1502.0,301.18,0.04311
-26.065491,27.959955,1518.0,310.17,0.06781
-26.063899,27.957829,1530.0,309.81,0.04341
-26.061769,27.955987,1538.0,322.16,0.02667
-26.060178,27.954978,1540.0,330.33,0.00982
-26.058197,27.954733,1527.0,353.66,-0.05866
-26.056381,27.955074,1516.0,9.58,-0.05372
-26.054291,27.955457,1517.0,9.35,0.00425
-26.05159,27.955983,1506.0,9.92,-0.03608
-26.049394,27.956399,1503.0,9.66,-0.01211
-26.047543,27.956747,1494.0,9.59,-0.04312
-26.045614,27.956577,1495.0,355.47,0.00465
-26.043934,27.955366,1493.0,327.07,-0.00899
-26.042216,27.95401,1483.0,324.66,-0.0427
-26.040533,27.952139,1469.0,315.03,-0.05293
-26.039254,27.950074,1463.0,304.58,-0.02394
-26.037793,27.948555,1446.0,316.95,-0.07647
-26.035601,27.947636,1446.0,339.36,0.0
-26.033767,27.9472,1458.0,347.94,0.05755
-26.0316,27.946677,1456.0,347.76,-0.00811
-26.029818,27.946125,1458.0,344.45,0.00972
-26.028144,27.945333,1461.0,336.97,0.01483
-26.025642,27.944076,1460.0,335.7,-0.00328
-26.023864,27.943181,1459.0,335.66,-0.00461
-26.022044,27.942317,1456.0,336.9,-0.01364
-26.02018,27.94143,1452.0,336.85,-0.01774
-26.018211,27.940507,1446.0,337.16,-0.02526
-26.016548,27.939719,1440.0,336.93,-0.02985
-26.013809,27.938371,1424.0,336.14,-0.04804
-26.011766,27.937008,1409.0,329.05,-0.05663
-26.008965,27.934434,1409.0,320.45,0.0
-26.006516,27.931701,1429.0,314.91,0.05186
-26.00487,27.929969,1444.0,316.6,0.05954
-26.003329,27.928595,1455.0,321.29,0.0501
-26.001507,27.927426,1465.0,330.03,0.04276
-25.999727,27.926636,1466.0,338.25,0.00469
-25.997744,27.926026,1463.0,344.54,-0.01311
-25.995225,27.925287,1450.0,345.23,-0.04488
-25.992952,27.924658,1438.0,346.03,-0.04607
-25.990663,27.924482,1430.0,356.05,-0.03136
-25.986201,27.924931,1414.0,5.17,-0.03212
-25.984111,27.925165,1407.0,5.75,-0.02997
-25.982147,27.925388,1404.0,5.83,-0.01367
-25.980222,27.925503,1404.0,3.07,0.0
-25.978268,27.925165,1402.0,351.16,-0.0091
-25.975495,27.924332,1397.0,344.89,-0.01565
-25.973247,27.923633,1390.0,344.38,-0.02697
-25.970838,27.9228,1383.0,342.73,-0.02495
-25.968878,27.922,1372.0,339.85,-0.04738
-25.964598,27.920212,1368.0,339.41,-0.00787
-25.962724,27.919307,1363.0,336.53,-0.02201
-25.960817,27.918117,1350.0,330.71,-0.05347
-25.959103,27.916809,1357.0,325.54,0.03029
-25.957243,27.915393,1364.0,325.61,0.02793
-25.955071,27.913837,1362.0,327.21,-0.00696
-25.953028,27.912868,1361.0,336.9,-0.00405
-25.951149,27.912099,1354.0,339.8,-0.03144
-25.949359,27.911376,1351.0,340.04,-0.01417
-25.946635,27.910264,1354.0,339.84,0.0093
-25.944444,27.909368,1350.0,339.81,-0.01541
-25.941803,27.908307,1343.0,340.14,-0.02242
-25.93959,27.907502,1330.0,341.89,-0.05021
-25.93747,27.906705,1312.0,341.32,-0.07234
-25.935509,27.90597,1297.0,341.37,-0.06519
-25.93352,27.905152,1289.0,339.7,-0.03393
-25.931185,27.904205,1294.0,339.96,0.01809
-25.929104,27.90332,1301.0,339.07,0.02826
-25.927203,27.902235,1313.0,332.83,0.0505
-25.924458,27.900713,1322.0,333.5,0.02639
-25.922207,27.899511,1316.0,334.35,-0.02161
-25.920506,27.898576,1311.0,333.69,-0.0237
-25.916715,27.896971,1300.0,339.15,-0.02439
-25.914745,27.896161,1286.0,339.7,-0.05994
-25.911751,27.894939,1294.0,339.84,0.02256
-25.908652,27.893638,1315.0,339.31,0.05701
-25.905798,27.892485,1308.0,340.03,-0.02073
-25.902575,27.891123,1294.0,339.19,-0.03652
-25.900043,27.890106,1309.0,340.13,0.05011
-25.89687,27.888582,1334.0,336.63,0.06505
-25.894761,27.887477,1360.0,334.76,0.10029
-25.892698,27.886055,1371.0,328.2,0.04075
-25.890925,27.885017,1372.0,332.22,0.00449
-25.886495,27.883269,1377.0,340.46,0.00957
-25.884275,27.882419,1377.0,340.99,0.0
-25.879588,27.880608,1360.0,340.83,-0.03081
-25.877542,27.879894,1365.0,342.57,0.02097
-25.875664,27.87968,1381.0,354.15,0.07622
-25.872751,27.878905,1397.0,346.54,0.04804
-25.870854,27.878658,1408.0,353.32,0.05179
-25.868644,27.879251,1419.0,13.57,0.04351
-25.866202,27.880554,1423.0,25.65,0.01328
-25.864031,27.8817,1419.0,25.41,-0.01497
-25.862248,27.882626,1411.0,25.05,-0.03656
-25.860451,27.883263,1404.0,17.69,-0.03338
-25.85732,27.883605,1386.0,5.61,-0.05145
-25.854505,27.883845,1370.0,4.39,-0.05097
-25.852353,27.884081,1359.0,5.64,-0.04575
-25.8505,27.884087,1349.0,0.17,-0.04853
-25.847892,27.883597,1356.0,350.4,0.0238
-25.845851,27.883191,1355.0,349.85,-0.00434
-25.843203,27.883523,1356.0,6.44,0.00337
-25.841229,27.883805,1346.0,7.33,-0.04519
-25.838158,27.88443,1336.0,10.38,-0.02881
-25.836079,27.885009,1324.0,14.07,-0.05035
-25.833609,27.88666,1316.0,31.03,-0.02496
-25.831892,27.887954,1302.0,34.15,-0.06068
-25.829906,27.889446,1289.0,34.07,-0.04877
-25.828354,27.890468,1279.0,30.66,-0.04985
-25.826538,27.891085,1268.0,17.0,-0.05209
-25.824663,27.891428,1253.0,9.35,-0.07099
-25.822491,27.89179,1239.0,8.53,-0.05733
-25.820418,27.89288,1235.0,25.33,-0.01568
-25.818795,27.89389,1235.0,29.26,0.0
-25.815667,27.894614,1213.0,11.77,-0.06192
-25.813605,27.894198,1200.0,349.71,-0.05579
-25.810926,27.892548,1192.0,330.99,-0.02349
-25.809156,27.892076,1184.0,346.5,-0.03952
-25.806999,27.891775,1200.0,352.84,0.06619
-25.804795,27.892576,1221.0,18.12,0.08144
-25.803211,27.89391,1219.0,37.17,-0.00905
-25.801263,27.894278,1203.0,9.65,-0.07282
-25.799423,27.893306,1200.0,334.56,-0.01324
-25.796884,27.892025,1187.0,335.57,-0.04192
-25.797696,27.888094,1200.0,257.08,0.0322
-25.798179,27.885841,1202.0,256.61,0.00863
-25.798986,27.883051,1206.0,252.19,0.01363
-25.79971,27.880568,1217.0,252.05,0.0421
-25.800357,27.87869,1224.0,249.06,0.03477
-25.802393,27.876509,1224.0,223.96,0.0
-25.803586,27.87453,1231.0,236.19,0.02936
-25.803628,27.869731,1248.0,269.44,0.03538
-25.80353,27.866119,1241.0,271.73,-0.01935
-25.803441,27.862782,1251.0,271.7,0.02992
-25.802697,27.860841,1248.0,293.06,-0.01421
-25.800378,27.859518,1230.0,332.81,-0.06209
-25.798113,27.858708,1223.0,342.15,-0.02646
-25.795282,27.857701,1223.0,342.24,0.0
-25.793303,27.857117,1213.0,345.12,-0.04392
-25.790222,27.856927,1195.0,356.82,-0.05246
-25.788406,27.856912,1200.0,359.57,0.02476
-25.786558,27.856838,1211.0,357.94,0.0535
-25.784637,27.856342,1228.0,346.91,0.07752
-25.782782,27.856067,1230.0,352.4,0.00961
-25.779223,27.856557,1220.0,7.07,-0.02508
-25.777032,27.856845,1201.0,6.75,-0.07745
-25.775136,27.857067,1193.0,6.02,-0.03774
-25.773283,27.856977,1184.0,357.5,-0.04364
-25.772705,27.854975,1184.0,287.78,0.0
-25.772786,27.852866,1183.0,267.56,-0.00473
-25.772897,27.850668,1182.0,266.79,-0.00454
-25.773201,27.848572,1182.0,260.85,0.0
-25.773965,27.844921,1191.0,256.92,0.02398
-25.774663,27.841753,1192.0,256.25,0.00306
-25.775355,27.838612,1196.0,256.25,0.01235
-25.775843,27.836378,1196.0,256.36,0.0
-25.776349,27.834055,1193.0,256.4,-0.01254
-25.776924,27.831894,1196.0,253.54,0.0133
-25.777656,27.829735,1197.0,249.37,0.00433
-25.774713,27.828034,1184.0,332.5,-0.03524
-25.773137,27.826706,1180.0,322.81,-0.01818
-25.771782,27.823703,1179.0,296.61,-0.00297
-25.770694,27.821029,1176.0,294.31,-0.01021
-25.769416,27.817559,1175.0,292.24,-0.00266
-25.767873,27.813754,1174.0,294.24,-0.00239
-25.766631,27.811467,1176.0,301.09,0.00748
-25.765426,27.809602,1171.0,305.66,-0.02175
-25.764023,27.807754,1160.0,310.13,-0.04545
-25.761985,27.805521,1160.0,315.38,0.0
-25.760447,27.80412,1160.0,320.63,0.0
-25.758343,27.802538,1172.0,325.89,0.04247
-25.756452,27.801341,1180.0,330.31,0.03305
-25.754171,27.800202,1185.0,335.78,0.01798
-25.751045,27.799008,1198.0,341.02,0.03537
-25.747026,27.797776,1209.0,344.56,0.02373
-25.744295,27.796896,1224.0,343.82,0.04744
-25.741886,27.796122,1240.0,343.86,0.05738
-25.739016,27.79542,1261.0,347.57,0.06426
-25.73647,27.794992,1300.0,351.39,0.13621
-25.734506,27.794894,1307.0,357.43,0.03202
-25.730473,27.794943,1241.0,0.63,-0.14717
-25.728226,27.794766,1225.0,355.94,-0.06388
-25.725964,27.794246,1214.0,348.3,-0.04282
-25.723577,27.793329,1205.0,340.91,-0.03204
-25.7212,27.79189,1197.0,331.39,-0.02657
-25.719493,27.790561,1193.0,324.95,-0.01725
-25.718127,27.789187,1189.0,317.82,-0.01951
-25.716119,27.786562,1187.0,310.33,-0.0058
-25.714844,27.784241,1183.0,301.37,-0.01469
-25.713981,27.782021,1182.0,293.34,-0.00413
-25.712908,27.778081,1183.0,286.82,0.00243
-25.711692,27.773596,1178.0,286.75,-0.01066
-25.709925,27.766662,1178.0,285.79,0.0
-25.709107,27.763666,1180.0,286.86,0.00638
-25.708438,27.761139,1184.0,286.37,0.01516
-25.707185,27.756504,1181.0,286.7,-0.00619
-25.706468,27.754649,1181.0,293.22,0.0
-25.704923,27.751604,1173.0,299.38,-0.02285
-25.703457,27.749452,1175.0,307.09,0.0074
-25.701717,27.747387,1172.0,313.08,-0.01059
-25.699906,27.745417,1167.0,315.57,-0.01773
-25.698344,27.743753,1166.0,316.17,-0.00415
-25.696662,27.742516,1164.0,326.47,-0.00891
-25.695155,27.740774,1166.0,313.83,0.00827
-25.694485,27.73868,1165.0,289.55,-0.00449
-25.694575,27.736627,1169.0,267.21,0.01942
-25.69605,27.732452,1175.0,248.59,0.01335
-25.696916,27.730666,1177.0,241.71,0.00984
-25.698007,27.728483,1179.0,240.99,0.008
-25.70005,27.724446,1184.0,240.68,0.01078
-25.702216,27.720127,1188.0,240.9,0.00808
-25.704746,27.715093,1191.0,240.85,0.00519
-25.706727,27.711175,1196.0,240.7,0.01111
-25.708826,27.706994,1200.0,240.87,0.00834
-25.710294,27.704062,1205.0,240.94,0.01488
-25.713447,27.697818,1210.0,240.73,0.00697
-25.714789,27.695141,1204.0,240.91,-0.01955
-25.71624,27.69225,1196.0,240.88,-0.02413
-25.718042,27.688692,1201.0,240.66,0.01223
-25.718959,27.686846,1202.0,241.13,0.00474
-25.720095,27.68459,1206.0,240.8,0.01545
-25.721128,27.682526,1208.0,240.95,0.00846
-25.722142,27.680502,1207.0,240.92,-0.00431
-25.72371,27.677369,1207.0,240.95,0.0
-25.724772,27.675276,1209.0,240.61,0.00831
-25.725824,27.673177,1211.0,240.91,0.00831
-25.726976,27.670891,1214.0,240.78,0.01143
-25.72842,27.668032,1216.0,240.72,0.00609
-25.73023,27.664304,1217.0,241.68,0.00236
-25.73197,27.660197,1218.0,244.81,0.0022
-25.732979,27.657354,1222.0,248.5,0.01307
-25.733712,27.65512,1226.0,249.99,0.0168
-25.734497,27.652284,1229.0,252.92,0.01009
-25.735052,27.650106,1230.0,254.2,0.00441
-25.735501,27.647998,1229.0,256.7,-0.00461
-25.735951,27.645636,1229.0,258.06,0.0
-25.736294,27.643466,1226.0,260.05,-0.01359
-25.736916,27.637904,1226.0,262.92,0.0
-25.73701,27.635432,1228.0,267.58,0.00807
-25.737086,27.63106,1227.0,268.89,-0.00228
-25.737157,27.623859,1219.0,269.37,-0.01109
-25.737192,27.619178,1215.0,269.52,-0.00853
-25.737216,27.614136,1208.0,269.7,-0.01386
-25.737269,27.608877,1203.0,269.36,-0.00949
-25.737313,27.602516,1199.0,269.56,-0.00628
-25.737354,27.59751,1201.0,269.48,0.00399
-25.737375,27.595136,1198.0,269.44,-0.01262
-25.737417,27.588972,1194.0,269.57,-0.00648
-25.737466,27.58152,1183.0,269.58,-0.01474
-25.737521,27.572993,1174.0,269.59,-0.01054
-25.737577,27.564068,1169.0,269.6,-0.00559
-25.737597,27.561853,1171.0,269.43,0.00901
-25.737626,27.55775,1174.0,269.55,0.0073
-25.73767,27.550817,1174.0,269.59,0.0
-25.737685,27.547846,1172.0,269.68,-0.00672
-25.737713,27.54464,1174.0,269.44,0.00623
-25.737916,27.542517,1175.0,263.94,0.00468
-25.738396,27.540473,1178.0,255.39,0.01418
-25.739212,27.538392,1180.0,246.48,0.0088
-25.740385,27.536334,1185.0,237.68,0.0205
-25.741824,27.534469,1187.0,229.42,0.00813
-25.743041,27.53291,1190.0,229.09,0.01452
-25.744359,27.531104,1195.0,230.99,0.02148
-25.745443,27.529178,1198.0,238.0,0.01319
-25.746326,27.527035,1202.0,245.42,0.01695
-25.746998,27.52453,1206.0,253.41,0.01528
-25.747322,27.522238,1208.0,261.08,0.00861
-25.747375,27.520079,1211.0,268.44,0.01387
-25.747114,27.517218,1215.0,275.78,0.01389
-25.746889,27.515182,1216.0,276.99,0.00487
-25.746861,27.513034,1218.0,270.83,0.0093
-25.747176,27.51046,1218.0,262.26,0.0
-25.747771,27.508274,1221.0,253.19,0.01312
-25.748771,27.505933,1223.0,244.63,0.00771
-25.749896,27.503692,1223.0,240.87,0.0
-25.750797,27.501808,1222.0,242.03,-0.00468
-25.751552,27.499337,1221.0,251.26,-0.00383
-25.751807,27.497261,1220.0,262.23,-0.00477
-25.751857,27.495122,1218.0,268.51,-0.00933
-25.751926,27.49182,1214.0,268.67,-0.01209
-25.751979,27.489459,1209.0,268.57,-0.02114
-25.752077,27.48676,1205.0,267.69,-0.01479
-25.75211,27.4834,1210.0,269.37,0.01486
-25.752091,27.480429,1218.0,270.41,0.02689
-25.751958,27.477973,1227.0,273.44,0.03652
-25.75185,27.475458,1237.0,272.73,0.03966
-25.751763,27.473357,1239.0,272.63,0.00949
-25.751609,27.470115,1240.0,273.02,0.00308
-25.75143,27.466086,1237.0,272.82,-0.00743
-25.751313,27.463475,1237.0,272.85,0.0
-25.751139,27.460402,1238.0,273.6,0.00324
-25.750974,27.45729,1244.0,273.37,0.01922
-25.750577,27.450365,1256.0,273.64,0.01727
-25.749868,27.444496,1254.0,277.64,-0.00337
-25.74957,27.441573,1248.0,276.46,-0.02037
-25.748855,27.435411,1239.0,277.34,-0.01446
-25.748208,27.429852,1232.0,277.36,-0.01247
-25.74681,27.417986,1227.0,277.45,-0.00417
-25.746491,27.415261,1228.0,277.4,0.00363
-25.746259,27.413143,1230.0,276.93,0.00936
-25.746125,27.410582,1231.0,273.32,0.00389
-25.746228,27.407869,1233.0,267.59,0.00735
-25.747274,27.398964,1230.0,262.57,-0.00334
-25.7476,27.396131,1229.0,262.72,-0.0035
-25.748062,27.392481,1227.0,262.0,-0.00542
-25.748298,27.390459,1226.0,262.62,-0.0049
-25.748595,27.388109,1224.0,262.01,-0.00842
-25.748884,27.386001,1223.0,261.34,-0.00468
-25.749562,27.383096,1219.0,255.47,-0.01331
-25.750238,27.380588,1216.0,253.34,-0.01144
-25.750784,27.378158,1214.0,255.99,-0.00797
-25.751149,27.376048,1212.0,259.13,-0.00929
-25.751437,27.373686,1211.0,262.29,-0.00419
-25.751635,27.371215,1206.0,264.92,-0.02012
-25.751706,27.368161,1201.0,268.52,-0.01634
-25.751611,27.365575,1198.0,272.34,-0.01157
-25.751409,27.363212,1194.0,275.42,-0.01683
-25.751077,27.360812,1191.0,278.73,-0.01234
-25.75066,27.358502,1190.0,281.33,-0.00424
-25.750002,27.355775,1190.0,285.0,0.0
-25.749169,27.353042,1193.0,288.69,0.01038
-25.747991,27.349881,1189.0,292.48,-0.01167
-25.746838,27.347299,1182.0,296.37,-0.02425
-25.745926,27.345553,1179.0,300.11,-0.01484
-25.74495,27.343843,1179.0,302.36,0.0
-25.743299,27.341309,1179.0,305.88,0.0
-25.741668,27.339044,1176.0,308.64,-0.01033
-25.740338,27.337167,1172.0,308.19,-0.01672
-25.739043,27.33532,1170.0,307.9,-0.00853
-25.737772,27.33331,1167.0,305.07,-0.0122
-25.736327,27.330527,1167.0,299.96,0.0
-25.735182,27.327811,1166.0,295.08,-0.00333
-25.734297,27.324736,1163.0,287.72,-0.00928
-25.733566,27.321346,1158.0,283.46,-0.01432
-25.733135,27.319329,1158.0,283.34,0.0
-25.732665,27.317365,1156.0,284.88,-0.00983
-25.731991,27.314991,1153.0,287.49,-0.01203
-25.731004,27.312504,1151.0,293.78,-0.00735
-25.729992,27.310309,1153.0,297.1,0.0081
-25.728066,27.306693,1149.0,300.59,-0.00951
-25.72701,27.304673,1145.0,300.13,-0.0171
-25.724858,27.300595,1149.0,300.36,0.00845
-25.72385,27.298649,1151.0,299.9,0.00889
-25.721666,27.294462,1155.0,300.07,0.00825
-25.718775,27.288958,1160.0,300.24,0.00783
-25.71227,27.276574,1161.0,300.24,0.0007
-25.711303,27.274742,1162.0,300.36,0.0047
-25.709805,27.271873,1165.0,300.09,0.00903
-25.708863,27.270043,1167.0,299.74,0.00947
-25.707703,27.267847,1170.0,300.38,0.01176
-25.706373,27.265357,1173.0,300.66,0.01034
-25.705363,27.263424,1175.0,300.11,0.00893
-25.704172,27.261165,1180.0,300.33,0.01907
-25.703135,27.259186,1182.0,300.18,0.00872
-25.701385,27.255868,1182.0,300.34,0.0
-25.700357,27.253908,1182.0,300.2,0.0
-25.699153,27.251595,1191.0,300.01,0.03363
-25.698047,27.249465,1199.0,299.95,0.03248
-25.696042,27.24564,1225.0,300.19,0.05864
-25.695164,27.243894,1234.0,299.16,0.04492
-25.694088,27.241464,1249.0,296.17,0.05529
-25.693356,27.23964,1249.0,294.01,0.0
-25.692087,27.236044,1232.0,291.39,-0.04393
-25.690893,27.231616,1218.0,286.66,-0.03023
-25.690371,27.229051,1217.0,282.73,-0.0038
-25.689958,27.22639,1216.0,279.77,-0.0037
-25.689196,27.219896,1218.0,277.42,0.00305
-25.688842,27.216966,1216.0,277.64,-0.00675
-25.688422,27.214076,1213.0,279.16,-0.01023
-25.68801,27.211518,1210.0,280.13,-0.01152
-25.687373,27.208745,1212.0,284.3,0.00697
-25.686014,27.204501,1212.0,289.56,0.0
-25.684871,27.201886,1227.0,295.87,0.0515
-25.683941,27.199901,1239.0,297.47,0.05353
-25.682438,27.197264,1247.0,302.31,0.02559
-25.68052,27.194577,1255.0,308.38,0.02329
-25.679055,27.192782,1260.0,312.16,0.0206
-25.677574,27.191142,1265.0,315.06,0.02149
-25.676116,27.18972,1271.0,318.68,0.0278
-25.674291,27.188142,1277.0,322.07,0.02332
-25.670726,27.185318,1284.0,324.47,0.01437
-25.66917,27.184084,1295.0,324.44,0.05172
-25.667536,27.182792,1300.0,324.52,0.02241
-25.660935,27.177547,1319.0,324.39,0.02105
-25.657416,27.174767,1308.0,324.55,-0.0229
-25.651265,27.169868,1286.0,324.32,-0.02613
-25.649069,27.168117,1276.0,324.29,-0.03325
-25.647398,27.166725,1268.0,323.09,-0.03443
-25.645544,27.165271,1262.0,324.74,-0.02376
-25.643696,27.163659,1261.0,321.82,-0.00383
-25.64205,27.161922,1261.0,316.43,0.0
-25.640686,27.160241,1258.0,311.99,-0.01323
-25.639438,27.158413,1257.0,307.14,-0.00435
-25.637929,27.155953,1260.0,304.23,0.01006
-25.636713,27.153971,1268.0,304.24,0.03329
-25.635418,27.151859,1268.0,304.22,0.0
-25.634272,27.149969,1274.0,303.92,0.02628
-25.633318,27.148139,1276.0,300.04,0.00944
-25.632994,27.145983,1285.0,279.46,0.04107
-25.633456,27.143969,1305.0,255.72,0.096
-25.634184,27.141989,1322.0,247.81,0.0793
-25.634498,27.139676,1339.0,261.44,0.0725
-25.63485,27.136276,1312.0,263.45,-0.0787
-25.635147,27.133788,1294.0,262.46,-0.07154
-25.635475,27.131742,1282.0,259.92,-0.0576
-25.63639,27.129629,1275.0,244.34,-0.02979
-25.637504,27.127977,1270.0,233.2,-0.02418
-25.638329,27.125845,1274.0,246.77,0.0172
-25.638574,27.123324,1269.0,263.85,-0.01967
-25.638399,27.12045,1266.0,273.86,-0.01039
-25.638193,27.117227,1252.0,274.05,-0.04322
-25.638074,27.115108,1244.0,273.56,-0.03759
-25.638017,27.111407,1231.0,270.98,-0.03503
-25.638015,27.109357,1231.0,270.06,0.0
-25.638018,27.107169,1229.0,269.91,-0.00912
-25.638013,27.10354,1229.0,270.09,0.0
-25.638013,27.096334,1209.0,270.0,-0.02769
-25.638005,27.093224,1200.0,270.16,-0.02887
-25.638002,27.089992,1198.0,270.06,-0.00617
-25.637994,27.085318,1202.0,270.11,0.00854
-25.637982,27.080832,1203.0,270.17,0.00222
-25.637964,27.076085,1197.0,270.24,-0.01261
-25.637961,27.073665,1190.0,270.08,-0.02885
-25.637953,27.068145,1174.0,270.09,-0.02891
-25.637896,27.060085,1165.0,270.45,-0.01114
-25.6379,27.057072,1162.0,269.91,-0.00993
-25.637882,27.053951,1155.0,270.37,-0.02237
-25.637874,27.050316,1147.0,270.14,-0.02195
-25.637925,27.048147,1145.0,268.51,-0.00919
-25.637907,27.046088,1145.0,270.56,0.0
-25.637861,27.042702,1139.0,270.86,-0.01767
-25.637885,27.040344,1136.0,269.35,-0.01269
-25.637882,27.038257,1132.0,270.09,-0.01912
-25.637655,27.035794,1129.0,275.84,-0.01209
-25.637203,27.033751,1128.0,283.79,-0.00474
-25.636695,27.031454,1123.0,283.78,-0.02109
-25.636566,27.029347,1121.0,273.88,-0.00945
-25.637007,27.026339,1109.0,260.76,-0.03928
-25.637309,27.024177,1111.0,261.19,0.00912
-25.636956,27.021621,1113.0,278.71,0.00772
-25.635844,27.016969,1115.0,284.85,0.00415
-25.635257,27.014501,1124.0,284.78,0.03517
-25.634698,27.011903,1129.0,283.42,0.01867
-25.634177,27.009817,1136.0,285.48,0.03226
-25.632495,27.003016,1148.0,285.34,0.01697
-25.631433,26.998491,1127.0,284.59,-0.0448
-25.630901,26.996246,1125.0,284.73,-0.00859
-25.63053,26.994145,1121.0,281.08,-0.01864
-25.62983,26.989032,1128.0,278.63,0.0135
-25.629606,26.986907,1132.0,276.67,0.01865
-25.629538,26.983891,1134.0,271.43,0.00661
-25.629591,26.981859,1134.0,268.34,0.0
-25.630091,26.979272,1137.0,257.9,0.01131
-25.630749,26.976306,1137.0,256.18,0.0
-25.63105,26.974029,1140.0,261.66,0.013
-25.63089,26.971766,1142.0,274.48,0.00879
-25.630906,26.969166,1144.0,269.61,0.00767
-25.631119,26.96695,1145.0,263.91,0.00448
-25.630893,26.964568,1143.0,276.01,-0.00833
-25.629902,26.961922,1145.0,292.56,0.00696
-25.628568,26.958627,1155.0,294.18,0.02762
-25.627388,26.955861,1169.0,295.32,0.04563
-25.626001,26.952529,1175.0,294.78,0.01631
-25.625192,26.950513,1178.0,293.99,0.01356
-25.624709,26.948049,1173.0,282.27,-0.01978
-25.624836,26.945688,1177.0,266.59,0.01687
-25.625339,26.943761,1182.0,253.85,0.02486
-25.626177,26.940993,1187.0,251.44,0.01708
-25.626975,26.938395,1193.0,251.19,0.0218
-25.627723,26.935937,1198.0,251.35,0.01922
-25.628617,26.932998,1209.0,251.36,0.03537
-25.629439,26.93028,1214.0,251.46,0.0174
-25.630173,26.928047,1221.0,249.97,0.02938
-25.630824,26.925871,1228.0,251.64,0.03045
-25.631656,26.922936,1249.0,252.55,0.06808
-25.632268,26.920903,1259.0,251.54,0.04654
-25.632856,26.918975,1272.0,251.31,0.06371
-25.633449,26.917052,1275.0,251.12,0.01472
-25.634527,26.914057,1276.0,248.24,0.00309
-25.635491,26.911099,1276.0,250.13,0.0
-25.636405,26.907314,1278.0,255.0,0.00509
-25.637148,26.904294,1286.0,254.74,0.02549
-25.637752,26.901809,1291.0,254.91,0.01938
-25.63805,26.899687,1296.0,261.15,0.02322
-25.637927,26.896595,1310.0,272.53,0.04512
-25.637741,26.893748,1322.0,274.14,0.04194
-25.637577,26.891225,1335.0,274.12,0.05127
-25.637243,26.886122,1357.0,274.15,0.04289
-25.637058,26.8833,1350.0,274.16,-0.02468
-25.636832,26.879863,1352.0,274.17,0.00579
-25.636742,26.877761,1360.0,272.72,0.03792
-25.636637,26.875586,1372.0,273.06,0.05496
-25.636939,26.873229,1382.0,261.91,0.0419
-25.637672,26.870612,1386.0,252.74,0.01456
-25.638333,26.868282,1388.0,252.53,0.00817
-25.638974,26.866023,1384.0,252.53,-0.01685
-25.639438,26.863997,1383.0,255.75,-0.00477
-25.639749,26.861427,1381.0,262.35,-0.00769
-25.640138,26.858222,1368.0,262.33,-0.0401
-25.640572,26.854672,1357.0,262.28,-0.03063
-25.640886,26.852071,1352.0,262.37,-0.01901
-25.641223,26.84929,1343.0,262.34,-0.032
-25.641509,26.846934,1344.0,262.33,0.0042
-25.641864,26.84397,1358.0,262.43,0.04671
-25.642237,26.840922,1350.0,262.27,-0.02594
-25.642564,26.838226,1343.0,262.34,-0.02567
-25.642987,26.834605,1340.0,262.62,-0.0082
-25.643195,26.832618,1339.0,263.38,-0.00499
-25.643292,26.828831,1341.0,268.37,0.00527
-25.643343,26.824615,1349.0,269.23,0.01893
-25.643423,26.820443,1360.0,268.78,0.0263
-25.643564,26.818255,1363.0,265.91,0.01364
-25.643872,26.816216,1360.0,260.49,-0.01448
-25.644242,26.81399,1353.0,259.55,-0.03085
-25.644711,26.811249,1341.0,259.25,-0.04291
-25.645005,26.809147,1339.0,261.18,-0.00938
-25.644832,26.80704,1332.0,275.2,-0.03301
-25.644369,26.804823,1327.0,283.04,-0.02192
-25.643804,26.80214,1329.0,283.15,0.00724
-25.643348,26.799942,1328.0,282.96,-0.00442
-25.643017,26.797721,1317.0,279.39,-0.04875
-25.643199,26.795717,1321.0,264.25,0.01981
-25.644255,26.792796,1329.0,248.15,0.02536
-25.645169,26.790582,1340.0,245.39,0.04506
-25.646059,26.788392,1340.0,245.73,0.0
-25.646618,26.786263,1354.0,253.76,0.06298
-25.646861,26.783861,1356.0,263.6,0.00825
-25.647003,26.781811,1360.0,265.61,0.01941
-25.647302,26.779813,1376.0,260.57,0.07881
-25.648089,26.777351,1375.0,250.48,-0.00382
-25.648854,26.775468,1384.0,245.74,0.04347
-25.64956,26.773293,1382.0,250.2,-0.00863
-25.650218,26.770373,1368.0,255.96,-0.0464
-25.651322,26.765449,1358.0,256.03,-0.01966
-25.651716,26.763421,1348.0,257.84,-0.04809
-25.651753,26.761329,1338.0,268.88,-0.04768
-25.651664,26.758708,1342.0,272.16,0.01521
-25.651054,26.755349,1328.0,281.39,-0.04076
-25.650809,26.752681,1326.0,275.82,-0.00744
-25.65074,26.75001,1318.0,271.64,-0.02987
-25.650799,26.747144,1317.0,268.69,-0.00348
-25.650972,26.742462,1315.0,267.65,-0.00426
-25.651077,26.740434,1313.0,266.71,-0.00982
-25.651058,26.736635,1304.0,270.32,-0.02363
-25.650996,26.734389,1301.0,271.75,-0.01332
-25.650901,26.730678,1292.0,271.63,-0.02419
-25.650797,26.726211,1286.0,271.48,-0.0134
-25.650671,26.721199,1283.0,271.6,-0.00597
-25.650576,26.71708,1285.0,271.46,0.00484
-25.650428,26.711606,1290.0,271.72,0.00911
-25.650412,26.708959,1292.0,270.38,0.00754
-25.650368,26.706848,1294.0,271.32,0.00945
-25.650351,26.702058,1278.0,270.22,-0.03332
-25.650371,26.699767,1269.0,269.44,-0.03919
-25.650383,26.69754,1265.0,269.66,-0.01792
-25.650406,26.695446,1258.0,269.3,-0.03335
-25.650428,26.692344,1250.0,269.55,-0.02573
-25.650416,26.690097,1247.0,270.34,-0.01332
-25.650727,26.68813,1251.0,260.05,0.01998
-25.651448,26.685268,1251.0,254.39,0.0
-25.652208,26.683079,1254.0,248.94,0.01276
-25.653154,26.680542,1259.0,247.53,0.01817
-25.653834,26.678581,1262.0,248.96,0.01424
-25.654913,26.675454,1269.0,249.05,0.02086
-25.655614,26.673423,1273.0,249.05,0.01835
-25.656392,26.671189,1279.0,248.88,0.02499
-25.657382,26.668992,1287.0,243.44,0.0325
-25.659595,26.662906,1296.0,248.03,0.01368
-25.661164,26.658658,1301.0,247.72,0.01087
-25.661866,26.656702,1302.0,248.29,0.00474
-25.664504,26.640362,1303.0,259.84,0.0006
-25.664843,26.63814,1298.0,260.39,-0.02214
-25.665253,26.635411,1294.0,260.54,-0.01443
-25.665585,26.633264,1291.0,260.26,-0.01374
-25.665929,26.631018,1290.0,260.36,-0.00438
-25.666169,26.628982,1293.0,262.55,0.01458
-25.665997,26.62693,1291.0,275.31,-0.00968
-25.665342,26.624825,1287.0,289.05,-0.01792
-25.664075,26.621488,1282.0,292.84,-0.01378
-25.66342,26.619581,1279.0,290.86,-0.01467
-25.662605,26.617372,1275.0,292.26,-0.01672
-25.661685,26.615032,1272.0,293.57,-0.01172
-25.661106,26.612918,1270.0,286.9,-0.00903
-25.660599,26.61035,1273.0,282.35,0.01139
-25.660521,26.607774,1275.0,271.92,0.00774
-25.660835,26.605046,1281.0,262.72,0.02177
-25.661302,26.601299,1277.0,262.13,-0.01055
-25.661674,26.598265,1283.0,262.25,0.01955
-25.661996,26.595559,1284.0,262.48,0.00366
-25.662305,26.593536,1279.0,260.38,-0.02431
-25.662976,26.591597,1289.0,249.0,0.04804
-25.663662,26.589339,1288.0,251.37,-0.00419
-25.663843,26.586304,1291.0,266.21,0.00984
-25.663855,26.584155,1289.0,269.64,-0.00929
-25.664111,26.581987,1287.0,262.54,-0.00913
-25.664959,26.58004,1271.0,244.21,-0.07383
-25.66557,26.577956,1256.0,251.98,-0.06829
-25.665238,26.575851,1252.0,279.92,-0.01868
-25.663969,26.573885,1250.0,305.61,-0.00825
-25.662739,26.572075,1250.0,307.01,0.0
-25.661761,26.570121,1253.0,299.04,0.01339
-25.660448,26.566555,1253.0,292.22,0.0
-25.658967,26.562485,1248.0,291.98,-0.01137
-25.657699,26.559014,1241.0,292.06,-0.01865
-25.654997,26.551192,1245.0,290.97,0.00476
-25.654268,26.549114,1247.0,291.26,0.00895
-25.652932,26.546568,1245.0,300.2,-0.00677
-25.651475,26.544224,1241.0,304.59,-0.01402
-25.650318,26.542285,1237.0,303.5,-0.01716
-25.6485,26.538933,1231.0,301.03,-0.0153
-25.647631,26.537038,1229.0,296.96,-0.00938
-25.646825,26.532792,1226.0,281.89,-0.0069
-25.646392,26.530015,1226.0,279.81,0.0
-25.646068,26.527834,1221.0,279.36,-0.02257
-25.645558,26.525557,1217.0,283.95,-0.01701
-25.644692,26.522694,1216.0,288.55,-0.0033
-25.643712,26.519469,1211.0,288.63,-0.01466
-25.643194,26.517477,1207.0,286.09,-0.01925
-25.643157,26.515408,1207.0,271.14,0.0
-25.643605,26.513137,1209.0,257.66,0.00858
-25.644137,26.51056,1215.0,257.1,0.02264
-25.644786,26.507281,1219.0,257.62,0.01189
-25.644889,26.50513,1225.0,266.96,0.02779
-25.644594,26.503067,1222.0,279.01,-0.01433
-25.643892,26.500661,1222.0,287.93,0.0
-25.641669,26.496611,1223.0,301.33,0.0021
-25.639952,26.493613,1226.0,302.43,0.00843
-25.638813,26.491823,1221.0,305.21,-0.02277
-25.637324,26.490434,1212.0,319.94,-0.0416
-25.635705,26.489365,1206.0,329.24,-0.02864
-25.631911,26.486799,1196.0,328.63,-0.02024
-25.628536,26.484518,1189.0,328.64,-0.01593
-25.626708,26.482793,1184.0,319.61,-0.01873
-25.625143,26.480363,1180.0,305.54,-0.01336
-25.623489,26.477468,1183.0,302.36,0.00873
-25.622266,26.475334,1187.0,302.44,0.01578
-25.619549,26.470591,1194.0,302.43,0.01242
-25.618133,26.46812,1201.0,302.44,0.02385
-25.614356,26.461548,1217.0,302.51,0.02048
-25.61342,26.459763,1216.0,300.18,-0.00483
-25.612646,26.457885,1215.0,294.56,-0.00483
-25.611979,26.455957,1215.0,290.99,0.0
-25.611032,26.453282,1206.0,291.43,-0.03123
-25.610307,26.451304,1199.0,292.12,-0.0327
-25.609496,26.449095,1189.0,292.15,-0.04181
-25.608778,26.447164,1179.0,292.41,-0.04775
-25.607914,26.444772,1161.0,291.83,-0.06967
-25.606727,26.441586,1162.0,292.45,0.00289
-25.606018,26.439642,1168.0,292.02,0.02853
-25.60512,26.437561,1167.0,295.57,-0.00432
-25.604059,26.435734,1156.0,302.78,-0.05048
-25.602799,26.433986,1149.0,308.64,-0.03119
-25.601018,26.43157,1141.0,309.26,-0.02557
-25.599554,26.429586,1147.0,309.29,0.02334
-25.59796,26.427433,1142.0,309.38,-0.0179
-25.59677,26.425762,1134.0,308.3,-0.03747
-25.595507,26.423919,1131.0,307.23,-0.01292
-25.594333,26.422251,1127.0,307.97,-0.01885
-25.593016,26.420302,1127.0,306.84,0.0
-25.591876,26.418662,1119.0,307.62,-0.03853
-25.590695,26.416724,1110.0,304.05,-0.03837
-25.590002,26.414849,1099.0,292.28,-0.05413
-25.589279,26.412856,1092.0,291.91,-0.03249
-25.588458,26.41064,1089.0,292.33,-0.01249
-25.588291,26.408563,1092.0,275.09,0.01435
-25.588944,26.406675,1101.0,249.02,0.04438
-25.589961,26.404606,1106.0,241.41,0.02116
-25.590704,26.402569,1107.0,247.98,0.00454
-25.591197,26.400647,1112.0,254.12,0.02495
-25.591765,26.398455,1115.0,253.97,0.01312
-25.592386,26.396235,1120.0,252.77,0.02145
-25.593219,26.393203,1123.0,253.06,0.00944
-25.594001,26.39087,1126.0,249.61,0.01202
-25.594983,26.388102,1127.0,248.53,0.00335
-25.596593,26.38344,1141.0,249.05,0.02797
-25.597339,26.381252,1147.0,249.29,0.02558
-25.598012,26.379193,1150.0,250.08,0.01366
-25.598499,26.377046,1160.0,255.88,0.04504
-25.598828,26.374585,1165.0,261.57,0.02004
-25.599194,26.371782,1170.0,261.76,0.0176
-25.59975,26.367469,1170.0,261.86,0.0
-25.600257,26.363626,1180.0,261.68,0.02568
-25.600812,26.35915,1186.0,262.17,0.01324
-25.601451,26.354385,1194.0,261.54,0.01656
-25.60166,26.352291,1198.0,263.68,0.01893
-25.601709,26.349246,1207.0,268.98,0.02947
-25.601751,26.346775,1205.0,268.92,-0.00807
-25.601784,26.343127,1198.0,269.42,-0.01913
-25.601844,26.339071,1203.0,269.06,0.01229
-25.601837,26.334474,1211.0,270.1,0.01735
-25.601692,26.331631,1214.0,273.24,0.01051
-25.601387,26.328368,1209.0,275.92,-0.0152
-25.600975,26.326366,1208.0,282.85,-0.00486
-25.600289,26.324337,1205.0,290.55,-0.01381
-25.597119,26.319152,1208.0,304.13,0.00478
-25.595778,26.317345,1206.0,309.45,-0.00852
-25.59415,26.314915,1205.0,306.61,-0.00329
-25.591589,26.311258,1195.0,307.83,-0.02154
-25.590624,26.3093,1192.0,298.65,-0.01341
-25.590342,26.306988,1184.0,277.7,-0.03419
-25.59024,26.304971,1176.0,273.21,-0.03949
-25.590012,26.300653,1178.0,273.35,0.00461
-25.589896,26.298143,1176.0,272.93,-0.00793
-25.589565,26.296034,1176.0,279.87,0.0
-25.58914,26.293419,1174.0,280.21,-0.00751
-25.588015,26.288459,1177.0,284.11,0.00585
-25.586987,26.285152,1178.0,289.02,0.00285
-25.586439,26.28302,1184.0,285.91,0.02699
-25.585983,26.278956,1194.0,277.09,0.02435
-25.585712,26.276503,1201.0,276.98,0.02824
-25.584904,26.274453,1196.0,293.6,-0.02228
-25.583636,26.272866,1200.0,311.54,0.01881
-25.581897,26.271119,1201.0,317.82,0.00383
-25.580018,26.269197,1206.0,317.3,0.01759
-25.579075,26.267424,1219.0,300.53,0.06297
-25.579099,26.265175,1228.0,269.32,0.0399
-25.579872,26.263143,1225.0,247.13,-0.01356
-25.579973,26.260808,1221.0,267.25,-0.01706
-25.577722,26.254711,1210.0,292.26,-0.01665
-25.575655,26.24922,1201.0,292.65,-0.01508
-25.574233,26.245527,1191.0,293.12,-0.02483
-25.573406,26.243664,1192.0,296.2,0.0048
-25.572357,26.242001,1195.0,304.96,0.01474
-25.571201,26.2401,1196.0,303.98,0.00435
-25.570119,26.238069,1199.0,300.57,0.01268
-25.569213,26.236159,1198.0,297.74,-0.00462
-25.568298,26.234225,1194.0,297.68,-0.01826
-25.567295,26.232503,1190.0,302.85,-0.01945
-25.565171,26.230019,1179.0,313.47,-0.03204
-25.563818,26.228458,1185.0,313.85,0.02763
-25.562601,26.226642,1188.0,306.61,0.01322
-25.561569,26.224634,1186.0,299.67,-0.00863
-25.560398,26.222482,1187.0,301.1,0.00397
-25.559317,26.22051,1188.0,301.28,0.00432
-25.558075,26.21809,1191.0,299.63,0.01074
-25.557057,26.21635,1192.0,302.96,0.00481
-25.555904,26.214763,1191.0,308.84,-0.00489
-25.554634,26.213009,1195.0,308.75,0.01773
-25.552846,26.210575,1196.0,309.15,0.00318
-25.551484,26.20883,1194.0,310.86,-0.00864
-25.550077,26.207286,1196.0,315.29,0.00908
-25.548713,26.205854,1194.0,316.55,-0.00957
-25.547205,26.204217,1196.0,315.6,0.00852
-25.545545,26.202436,1197.0,315.93,0.00389
-25.544065,26.200482,1195.0,310.01,-0.00781
-25.542723,26.198912,1191.0,313.45,-0.01844
-25.540628,26.197231,1189.0,324.1,-0.00695
-25.539096,26.196111,1186.0,326.59,-0.0147
-25.537267,26.194743,1183.0,325.99,-0.01223
-25.534528,26.192721,1176.0,326.33,-0.01913
-25.532928,26.191555,1172.0,326.67,-0.01879
-25.531143,26.190891,1168.0,341.44,-0.01911
-25.529351,26.190504,1164.0,348.97,-0.0197
-25.527597,26.189168,1157.0,325.5,-0.02958
-25.525913,26.186281,1156.0,302.88,-0.0029
-25.524538,26.183782,1155.0,301.37,-0.0034
-25.522709,26.180365,1155.0,300.67,0.0
-25.520969,26.177117,1158.0,300.69,0.00792
-25.519836,26.174865,1152.0,299.14,-0.02319
-25.518923,26.171613,1140.0,287.28,-0.03511
-25.517854,26.167401,1148.0,285.71,0.01822
-25.517724,26.165216,1148.0,273.77,0.0
-25.518295,26.163244,1143.0,252.21,-0.02406
-25.519468,26.161583,1146.0,231.95,0.01417
-25.521011,26.159571,1143.0,229.64,-0.01132
-25.522525,26.15735,1145.0,232.93,0.00716
-25.523766,26.155444,1155.0,234.19,0.0424
-25.52525,26.15315,1165.0,234.36,0.03531
-25.526976,26.150482,1175.0,234.36,0.03036
-25.529674,26.145823,1166.0,237.31,-0.0162
-25.530637,26.143676,1161.0,243.57,-0.02078
-25.531617,26.140746,1163.0,249.66,0.00638
-25.532562,26.137939,1165.0,249.54,0.00665
-25.533633,26.134696,1165.0,249.9,0.0
-25.534359,26.132635,1165.0,248.67,0.0
-25.536446,26.129375,1165.0,234.64,0.0
-25.537478,26.12747,1166.0,239.02,0.00449
-25.538345,26.125187,1169.0,247.17,0.01207
-25.539771,26.122714,1166.0,237.42,-0.01019
-25.540849,26.12088,1164.0,236.92,-0.00911
-25.541648,26.11907,1160.0,243.93,-0.01979
-25.542163,26.116866,1164.0,255.48,0.01751
-25.542115,26.114308,1163.0,271.19,-0.0039
-25.54165,26.111629,1163.0,280.89,0.0
-25.541496,26.109461,1163.0,274.5,0.0
-25.541722,26.107319,1167.0,263.33,0.01849
-25.541991,26.105038,1164.0,262.55,-0.013
-25.542291,26.102459,1165.0,262.65,0.00383
-25.54257,26.100215,1163.0,262.15,-0.0088
-25.542607,26.097977,1174.0,268.95,0.04898
-25.541678,26.095764,1184.0,294.95,0.04084
-25.541821,26.093241,1190.0,266.4,0.02366
-25.542829,26.089189,1187.0,254.58,-0.00711
-25.543522,26.086299,1189.0,255.12,0.00667
-25.544322,26.082995,1191.0,254.98,0.00583
-25.545007,26.08012,1189.0,255.21,-0.0067
-25.543505,26.078563,1194.0,316.91,0.02186
-25.541412,26.077935,1202.0,344.85,0.03318
-25.539517,26.077379,1205.0,345.17,0.01376
-25.537368,26.077191,1212.0,355.49,0.0292
